TestName,FirstName,LastName,UserName,E-mail,ReqNumber,Workflow
TestSmoke23052023090753,AutFirstTuesdayMayjrbl,AutLastTuesdayMayjrbl,autTuesdayMayjrbl,autTuesdayMayjrbl@mailnesia.com,337033,Automation_All_Tasks
TestSmoke23052023091647,AutFirstTuesdayMayuxeo,AutLastTuesdayMayuxeo,autTuesdayMayuxeo,autTuesdayMayuxeo@mailnesia.com,166250,Automation_All_Tasks
TestSmoke23052023100239,AutFirstTuesdayMayvzzv,AutLastTuesdayMayvzzv,autTuesdayMayvzzv,autTuesdayMayvzzv@mailnesia.com,261947,Automation_All_Tasks
TestSmoke23052023102206,AutFirstTuesdayMayqfgs,AutLastTuesdayMayqfgs,autTuesdayMayqfgs,autTuesdayMayqfgs@mailnesia.com,187132,Automation_All_Tasks
TestSmoke24052023080234,AutFirstWednesdayMaydtpg,AutLastWednesdayMaydtpg,autWednesdayMaydtpg,autWednesdayMaydtpg@mailnesia.com,85199,Automation_All_Tasks
TestSmoke29052023083537,AutFirstMondayMayrelo,AutLastMondayMayrelo,autMondayMayrelo,autMondayMayrelo@mailnesia.com,388994,Automation_All_Tasks
TestSmoke29052023211754,AutFirstMondayMayclys,AutLastMondayMayclys,autMondayMayclys,autMondayMayclys@mailnesia.com,322782,Automation_All_Tasks
TestSmoke29052023212703,AutFirstMondayMaysysn,AutLastMondayMaysysn,autMondayMaysysn,autMondayMaysysn@mailnesia.com,149631,Automation_All_Tasks
TestSmoke29052023213828,AutFirstMondayMaydhis,AutLastMondayMaydhis,autMondayMaydhis,autMondayMaydhis@mailnesia.com,43258,Automation_All_Tasks
TestSmoke29052023214729,AutFirstMondayMaycocv,AutLastMondayMaycocv,autMondayMaycocv,autMondayMaycocv@mailnesia.com,206704,Automation_All_Tasks
TestSmoke29052023220129,AutFirstMondayMayyfxt,AutLastMondayMayyfxt,autMondayMayyfxt,autMondayMayyfxt@mailnesia.com,315947,Automation_All_Tasks
